snailID,population,year,snail_num,ln(gw),ln(gh),r0,h0,a0,c,shell_length,ridged,colour,tesselated,avg_thickness
Crab92_01,Crab 1992,1992,1,-2.312427354,-2.114860956,0.235989211,0.670835306,0.289168748,1.255259743,11.82450986,1,Beige,0,548
Crab92_02,Crab 1992,1992,2,-2.405862832,-2.31569279,0.207678059,0.664623566,0.291206169,1.29052266,10.52004989,1,Beige,0,572
Crab92_03,Crab 1992,1992,3,-2.509969033,-2.282852163,0.161725682,0.664584156,0.283446484,1.369366497,11.85127692,1,Beige,0,498
Crab92_04,Crab 1992,1992,4,-2.424778756,-2.230554752,0.184740568,0.680270857,0.26239833,1.397965977,11.38622285,1,Beige,0,583
Crab92_05,Crab 1992,1992,5,-2.356616923,-2.22471777,0.177628717,0.666082803,0.297908094,1.272275742,11.97750762,1,Beige,0,474
Crab92_06,Crab 1992,1992,6,-2.534611659,-2.338199551,0.219494511,0.63156128,0.242066537,1.771050376,10.57321077,1,Beige,0,424
Crab92_07,Crab 1992,1992,7,-2.283163136,-2.122831004,0.201772056,0.642326665,0.30160923,1.332814813,10.62962824,1,Beige,0,526
Crab92_08,Crab 1992,1992,8,-2.245015367,-2.087875603,0.199412607,0.648873501,0.326598741,1.181453494,11.93728437,1,Beige,0,677
Crab92_09,Crab 1992,1992,9,-2.361373362,-2.147744799,0.188781436,0.645175888,0.295505046,1.354136503,9.40573042,1,Beige,0,440
Crab92_10,Crab 1992,1992,10,-2.526296724,-2.325343397,0.192746864,0.644658531,0.278495538,1.467189353,10.82866151,1,Beige,0,450
Crab92_11,Crab 1992,1992,11,-2.419194821,-2.208247622,0.207213699,0.630413898,0.256980854,1.621753859,10.80210385,1,Beige,0,499
Crab92_12,Crab 1992,1992,12,-2.496858822,-2.27755284,0.185527674,0.675570158,0.266287949,1.414103765,10.36012666,1,Beige,0,495
Crab92_13,Crab 1992,1992,13,-2.286216442,-2.12389002,0.211610872,0.64013608,0.304822405,1.37529276,11.30239329,1,Beige,0,460
Crab92_14,Crab 1992,1992,14,-2.576653824,-2.351234215,0.196142976,0.712511824,0.236726802,1.459383439,11.78762407,1,Beige,0,521
Crab92_15,Crab 1992,1992,15,-2.473849787,-2.294616778,0.202146759,0.678637072,0.263104455,1.41126645,11.42365326,1,Beige,0,469
Crab92_16,Crab 1992,1992,16,-2.35830312,-2.210713788,0.205449372,0.628623827,0.286233003,1.461469041,9.563768735,1,Beige,0,474
Crab92_17,Crab 1992,1992,17,-2.407295318,-2.167841869,0.176940934,0.633803551,0.300522864,1.377857959,8.714327178,1,Beige,0,335
Crab92_18,Crab 1992,1992,18,-2.465392197,-2.324672776,0.158041808,0.651402839,0.296450818,1.346782069,10.69659031,1,Beige,0,414
Crab92_19,Crab 1992,1992,19,-2.444400018,-2.249089281,0.177177681,0.665378454,0.271701395,1.390972847,12.52605078,1,Beige,0,549
Crab92_20,Crab 1992,1992,20,-2.366666065,-2.275319364,0.198172005,0.682123465,0.267202986,1.425675054,9.887434516,1,Beige,0,464
Crab92_21,Crab 1992,1992,21,-2.410436716,-2.377758236,0.232027845,0.624821764,0.239777182,1.845486282,9.668167003,1,Beige,0,456
DON_92_01a,Crab 1992,1992,01a,-2.286801196,-2.057424427,0.215086566,0.600431455,0.299348944,1.44645976,7.698039968,NA,NA,NA,NA
DON_92_02a,Crab 1992,1992,02a,-2.441891845,-2.259984555,0.200014232,0.703102988,0.271081434,1.327449241,8.703195361,NA,NA,NA,NA
DON_92_03a,Crab 1992,1992,03a,-2.503704878,-2.26171205,0.17986124,0.69248048,0.259585621,1.352712067,9.402913375,NA,NA,NA,NA
DON_92_04a,Crab 1992,1992,04a,-2.370158167,-2.277234343,0.205683524,0.684103409,0.284743764,1.304915801,8.835556894,NA,NA,NA,NA
DON_92_05a,Crab 1992,1992,05a,-2.520591532,-2.282186512,0.197736791,0.736379738,0.247669182,1.221941181,10.04546656,NA,NA,NA,NA
DON_92_06a,Crab 1992,1992,06a,-2.48740346,-2.244586613,0.173645461,0.673951719,0.296511127,1.226844423,9.513163174,NA,NA,NA,NA
DON_92_07a,Crab 1992,1992,07a,-2.374033597,-2.175944881,0.179266523,0.662407119,0.291486202,1.289028392,8.474824454,NA,NA,NA,NA
DON_92_08a,Crab 1992,1992,08a,-2.375515741,-2.189586343,0.225053299,0.649443888,0.285621678,1.371585604,7.663356109,NA,NA,NA,NA
DON_92_09a,Crab 1992,1992,09a,-2.535178096,-2.243357093,0.191743519,0.685145675,0.264392213,1.361120781,9.42914641,NA,NA,NA,NA
DON_92_10a,Crab 1992,1992,10a,-2.440950785,-2.175246561,0.18071869,0.701930134,0.272151837,1.257464102,10.1567691,NA,NA,NA,NA
DON_92_11a,Crab 1992,1992,11a,-2.452768304,-2.201157818,0.189937326,0.698090314,0.273841381,1.224730366,10.25758565,NA,NA,NA,NA
DON_92_12a,Crab 1992,1992,12a,-2.356082175,-2.193580741,0.177191049,0.689053205,0.284864774,1.226161305,8.797696473,NA,NA,NA,NA
DON_92_13a,Crab 1992,1992,13a,-2.351437487,-2.175353571,0.183948838,0.668003085,0.30866775,1.208081939,9.144474016,NA,NA,NA,NA
DON_92_14a,Crab 1992,1992,14a,-2.517865208,-2.338924864,0.192107028,0.664552924,0.257673371,1.497822158,7.354316694,NA,NA,NA,NA
DON_92_15a,Crab 1992,1992,15a,-2.417342219,-2.252566587,0.194158366,0.669558865,0.267828211,1.379663808,9.706533969,NA,NA,NA,NA
DON_92_16a,Crab 1992,1992,16a,-2.372247044,-2.233129474,0.18896072,0.609414003,0.310658534,1.376152249,8.481413667,NA,NA,NA,NA
DON_92_17a,Crab 1992,1992,17a,-2.314064736,-2.145801089,0.218874446,0.653517949,0.295652125,1.266388763,8.662314234,NA,NA,NA,NA
DON_92_18a,Crab 1992,1992,18a,-2.347833276,-2.252479333,0.203332819,0.635688783,0.289192453,1.38531407,8.325228191,NA,NA,NA,NA
DON_92_19a,Crab 1992,1992,19a,-2.401462368,-2.232838946,0.187227944,0.66403792,0.279192028,1.340535645,7.965880967,NA,NA,NA,NA
DON_92_20a,Crab 1992,1992,20a,-2.440987648,-2.323274924,0.202599479,0.692207051,0.276177216,1.295117635,7.869725259,NA,NA,NA,NA
DON_92_21a,Crab 1992,1992,21a,-2.377621187,-2.241452587,0.195836841,0.633079442,0.278272757,1.465744338,9.64303336,NA,NA,NA,NA
DON_92_22a,Crab 1992,1992,22a,-2.454066841,-2.341156592,0.213399877,0.658437617,0.256850822,1.529332498,9.550836831,NA,NA,NA,NA
DON_92_23a,Crab 1992,1992,23a,-2.408036282,-2.259586494,0.201976163,0.647063615,0.283076429,1.398339933,7.592039037,NA,NA,NA,NA
DON_92_24a,Crab 1992,1992,24a,-2.166273061,-2.097194176,0.233880523,0.627770614,0.323597569,1.24287441,9.63572891,NA,NA,NA,NA
DON_92_25a,Crab 1992,1992,25a,-2.283049063,-2.061753313,0.208361963,0.654436232,0.320880885,1.173930443,7.901985865,NA,NA,NA,NA
DON_21_01a,Crab 2021,2021,01a,-2.390159435,-2.310210078,0.208698034,0.648164659,0.265624952,1.510760077,8.520928982,1,Beige,0,278
DON_21_02a,Crab 2021,2021,02a,-2.304241491,-2.198644646,0.251144877,0.693339445,0.26642262,1.323106375,8.729013835,1,Beige,0,486
DON_21_03a,Crab 2021,2021,03a,-2.45976799,-2.250701546,0.197783945,0.686376626,0.261046723,1.354550299,9.198383143,1,Brown,0,468
DON_21_04a,Crab 2021,2021,04a,-2.384177476,-2.296640715,0.233859349,0.669574134,0.257879408,1.507347843,8.603918625,1,Brown,0,398
DON_21_05a,Crab 2021,2021,05a,-2.376314248,-2.201557929,0.214518216,0.667520735,0.24824375,1.515044287,9.491284113,?,Beige,0,537
DON_21_06a,Crab 2021,2021,06a,-2.501760953,-2.296539376,0.180642939,0.684823342,0.272452334,1.331258805,8.531072044,1,Orange,0,396
DON_21_07a,Crab 2021,2021,07a,-2.541987708,-2.413378119,0.215421783,0.706383351,0.229478915,1.616319625,8.982168886,1,Beige,0,393
DON_21_08a,Crab 2021,2021,08a,-2.382972735,-2.176379445,0.224860904,0.675997718,0.260679904,1.466697001,8.566094097,1,Brown,0,480
DON_21_09a,Crab 2021,2021,09a,-2.424865074,-2.264378674,0.205518835,0.661555927,0.278602903,1.367400141,8.88748659,1,Beige,0,406
DON_21_10a,Crab 2021,2021,10a,-2.205602897,-2.157550404,0.203264682,0.614403671,0.335228196,1.259524102,8.503437937,1,Beige,0,468
DON_21_11a,Crab 2021,2021,11a,-2.411982885,-2.194536211,0.203158393,0.68724205,0.271152041,1.310444762,10.18499677,0,Beige,0,568
DON_21_12a,Crab 2021,2021,12a,-2.390818889,-2.217337213,0.203220111,0.6892806,0.278393955,1.255204229,8.751458059,1,Beige,0,465
DON_21_13a,Crab 2021,2021,13a,-2.402610846,-2.383701208,0.200507873,0.639799209,0.276925851,1.478552946,9.572659679,1,Beige,0,398
DON_21_14a,Crab 2021,2021,14a,-2.227722355,-2.067230425,0.268399167,0.659827191,0.280714386,1.333509234,8.454825156,1,Beige,0,473
DON_21_15a,Crab 2021,2021,15a,-2.378344772,-2.249035546,0.224949559,0.70620099,0.246839429,1.404856085,9.541195631,0,Beige,0,452
DON_21_16a,Crab 2021,2021,16a,-2.216078012,-2.176852141,0.224614363,0.642723887,0.300230008,1.33850471,6.129572578,1,Brown,0,283
DON_21_17a,Crab 2021,2021,17a,-2.306783068,-2.235080694,0.227548631,0.687226219,0.279199027,1.260175412,8.330785186,?,Beige,0,439
DON_21_18a,Crab 2021,2021,18a,-2.427266933,-2.263745868,0.205279367,0.659037264,0.28294137,1.364064137,9.721234846,1,Brown,0,501
DON_21_19a,Crab 2021,2021,19a,-2.35977977,-2.254608552,0.196724604,0.65187397,0.278588922,1.399561628,8.571833208,1,Beige,0,351
DON_21_20a,Crab 2021,2021,20a,-2.311702203,-2.24818987,0.193894037,0.657811163,0.295029399,1.309743421,5.957847502,1,Beige,0,332
DON_21_21a,Crab 2021,2021,21a,-2.136883415,-2.114293784,0.222471905,0.630730527,0.325365649,1.253794163,5.516455474,1,Beige,0,299
DON_21_22a,Crab 2021,2021,22a,-2.432476175,-2.281920643,0.209332846,0.655508204,0.282019293,1.354611512,7.711509692,1,Orange,0,346
DON_21_23a,Crab 2021,2021,23a,-2.369803153,-2.223458953,0.197758816,0.658565017,0.288418793,1.305982261,8.284489066,1,Beige,0,362
DON_21_24a,Crab 2021,2021,24a,-2.352073496,-2.29666952,0.193615047,0.716210619,0.275568574,1.18987535,9.537437202,1,Brown,0,385
DON_21_25a,Crab 2021,2021,25a,-2.231037599,-2.175113611,0.213525663,0.644175249,0.309296984,1.291284626,9.200000659,1,Beige,0,493
DON_21_26a,Crab 2021,2021,26a,-2.487398097,-2.365665694,0.166680065,0.677616635,0.271662602,1.378151171,5.636446672,1,Beige,0,342
DON_21_27a,Crab 2021,2021,27a,-2.457903269,-2.24799606,0.199979465,0.689019168,0.266880557,1.309659719,8.109169995,1,Beige,0,378
DON_21_28a,Crab 2021,2021,28a,-2.398953324,-2.231490047,0.20497447,0.672771132,0.281728181,1.286067292,7.50580286,1,Beige,0,316
DON_21_29a,Crab 2021,2021,29a,-2.402798858,-2.198411848,0.230459177,0.655315776,0.273602039,1.41444886,8.796900567,1,Beige,0,436
DON_21_30a,Crab 2021,2021,30a,-2.321803824,-2.186522833,0.211535588,0.65069834,0.289963329,1.359181588,9.138036619,?,Beige,0,585
DON_21_31a,Crab 2021,2021,31a,-2.291312546,-2.126735921,0.20034435,0.639830534,0.317425553,1.232186093,7.390308264,1,Beige,0,287
DON_21_32a,Crab 2021,2021,32a,-2.32616819,-2.197497035,0.207380261,0.674110008,0.283351682,1.292749689,9.448603001,1,Beige,0,390
DON_21_33a,Crab 2021,2021,33a,-2.374024347,-2.204815355,0.199120242,0.68616011,0.275036066,1.276685367,10.07239616,1,Beige,0,505
DON_21_34a,Crab 2021,2021,34a,-2.264900093,-2.061812519,0.232521469,0.627368752,0.313837961,1.286812358,7.319125039,1,Beige,0,240
DON_21_35a,Crab 2021,2021,35a,-2.239137965,-2.123772118,0.205797089,0.588383955,0.32887899,1.350223969,6.856652683,1,Beige,0,343
DON_21_36a,Crab 2021,2021,36a,-2.306355121,-2.21103779,0.188066003,0.626367186,0.301051785,1.403938458,6.554408541,1,Beige,0,349
DON_21_37a,Crab 2021,2021,37a,-2.365269517,-2.275155994,0.218593442,0.690338292,0.274857873,1.263979758,8.849972065,1,Beige,0,383
DON_21_38a,Crab 2021,2021,38a,-2.444573467,-2.333951419,0.181463183,0.656240644,0.287706524,1.36600226,8.499787751,1,Beige,0,364
DON_21_39a,Crab 2021,2021,39a,-2.255819462,-2.183735849,0.208257261,0.661781823,0.289975591,1.356698047,5.304800316,1,Beige,0,226
DON_21_40a,Crab 2021,2021,40a,-2.410646772,-2.121847614,0.196208599,0.69527409,0.271653826,1.279049262,11.64927183,1,Beige,0,481
DON_21_41a,Crab 2021,2021,41a,-2.441182761,-2.255064753,0.151454897,0.644270846,0.306467279,1.35014581,6.590659079,1,Beige,0,296
DON_21_42a,Crab 2021,2021,42a,-2.334544399,-2.199528339,0.218102788,0.663743393,0.279519106,1.354111104,8.854103775,1,Beige,0,441
DON_21_43a,Crab 2021,2021,43a,-2.174072008,-2.169925806,0.212723547,0.599959668,0.325498854,1.355768409,7.946123349,1,Beige,0,350
DON_21_44a,Crab 2021,2021,44a,-2.438996952,-2.234390767,0.197491294,0.655783194,0.271145975,1.439561509,7.873372953,1,Beige,0,328
DON_21_45a,Crab 2021,2021,45a,-2.226349225,-1.995133993,0.202340511,0.622917689,0.346249179,1.219201586,5.83645138,1,Beige,0,266
DON_21_46a,Crab 2021,2021,46a,-2.319852577,-2.127955837,0.236844723,0.646533869,0.292797525,1.362673834,8.236167751,1,Brown,0,389
DON_21_47a,Crab 2021,2021,47a,-2.21326574,-2.119438398,0.224580982,0.61180029,0.324565692,1.327949258,6.451346413,1,Orange,0,302
DON_21_48a,Crab 2021,2021,48a,-2.240611406,-2.185195427,0.206615181,0.650287568,0.301298564,1.304352888,6.197349282,1,Beige,0,350
DON_21_49a,Crab 2021,2021,49a,-2.432247748,-2.279570397,0.179535545,0.68136249,0.278683701,1.279604316,8.513953181,1,Beige,0,410
DON_21_50a,Crab 2021,2021,50a,-2.179769758,-2.115926531,0.219659307,0.621141296,0.326268621,1.323377758,6.786941971,1,Beige,0,308
Skerry96_01,Skerry 1996,1996,1,-2.156882973,-2.064478351,0.238321369,0.61260823,0.311699756,1.43002074,6.996849897,1,Beige,1,239
Skerry96_02,Skerry 1996,1996,2,-2.208198978,-2.084660677,0.255272833,0.654441653,0.296699266,1.417905384,8.476169338,1,Beige,0,310
Skerry96_03,Skerry 1996,1996,3,-2.346749877,-2.067266481,0.222009337,0.648693049,0.277919173,1.511107425,6.854773739,1,Beige,0,235
Skerry96_04,Skerry 1996,1996,4,-2.151019665,-2.030866249,0.214260682,0.617190378,0.336803142,1.262283495,5.731255766,1,Beige,0,173
Skerry96_05,Skerry 1996,1996,5,-2.090028183,-1.856095822,0.234337815,0.62438442,0.330369859,1.303274769,7.486618355,0,Beige,0,305
Skerry96_06,Skerry 1996,1996,6,-1.959689723,-1.939142723,0.237331591,0.566489967,0.371204771,1.265177333,4.851675415,1,Beige,0,191
Skerry96_07,Skerry 1996,1996,7,-2.04768142,-1.878951914,0.209354276,0.600656304,0.356433436,1.247269605,7.486717261,1,Beige,1,286
Skerry96_08,Skerry 1996,1996,8,-2.018048256,-2.019812172,0.277092186,0.559798376,0.348341477,1.392912355,5.485541242,1,Black,1,203
Skerry96_09,Skerry 1996,1996,9,-2.239512747,-2.037808996,0.252817045,0.629205497,0.285682725,1.550549932,8.222830176,1,Beige,0,264
Skerry96_10,Skerry 1996,1996,10,-2.201875124,-1.955856853,0.205863609,0.63751039,0.332040481,1.202048577,6.582942364,1,Beige,0,227
Skerry96_11,Skerry 1996,1996,11,-2.289532738,-2.056763829,0.216865419,0.641359709,0.289160097,1.40598295,7.881778547,1,Beige,0,262
Skerry96_12,Skerry 1996,1996,12,-2.071395869,-1.787106389,0.197603338,0.624811358,0.365931912,1.160244191,5.924574542,1,Beige,0,223
Skerry96_13,Skerry 1996,1996,13,-2.142298951,-1.917433717,0.279223394,0.615926548,0.293638617,1.44313899,6.797925826,1,Black,1,204
Skerry96_14,Skerry 1996,1996,14,-2.110908489,-1.960101007,0.188817775,0.617327382,0.352497033,1.24906159,6.369312108,1,Beige,0,253
Skerry96_15,Skerry 1996,1996,15,-1.984992485,-1.934437758,0.254608809,0.569801727,0.356203869,1.302606783,5.304325922,1,Beige,0,214
Skerry96_16,Skerry 1996,1996,16,-2.130909775,-2.003694176,0.240322987,0.60353267,0.324006089,1.350725082,5.710776008,1,Beige,0,213
Skerry96_17,Skerry 1996,1996,17,-2.121163658,-2.081032707,0.237462751,0.598586575,0.300800592,1.51032085,6.311213381,1,Beige,0,220
Skerry96_18,Skerry 1996,1996,18,-2.183967388,-1.944348584,0.210909305,0.623751604,0.337049323,1.269223703,7.127411816,1,Beige,0,266
Skerry96_19,Skerry 1996,1996,19,-2.229236919,-2.063142152,0.16946071,0.652585018,0.337182221,1.157789995,6.704127219,1,Beige,0,214
Skerry96_20,Skerry 1996,1996,20,-2.232480612,-1.94034491,0.209945479,0.606789054,0.335322074,1.332205821,5.537063858,1,Beige,0,182
Skerry96_21,Skerry 1996,1996,21,-2.112467425,-2.055423538,0.226853586,0.623700156,0.312843855,1.370182815,7.111091592,1,Beige,1,264
Skerry96_22,Skerry 1996,1996,22,-2.150841173,-1.934792254,0.231029405,0.618225901,0.307124176,1.42272538,5.790435938,1,Beige,1,179
Skerry96_23,Skerry 1996,1996,23,-2.012970009,-1.89199729,0.231855109,0.593975446,0.375146471,1.183835192,5.929051956,1,Beige,0,248
Skerry96_24,Skerry 1996,1996,24,-2.207169846,-2.087809439,0.206660061,0.605562391,0.323035932,1.344559704,7.664316964,1,Beige,0,397
Skerry96_25,Skerry 1996,1996,25,-2.181371621,-1.900286575,0.249590529,0.652365963,0.301334291,1.265229283,6.481421735,1,Beige,0,228
Skerry96_26,Skerry 1996,1996,26,-2.185905877,-1.938536021,0.204474541,0.6476512,0.332374969,1.18139742,5.869345092,1,Beige,1,232
Skerry96_27,Skerry 1996,1996,27,-1.968399406,-1.865762612,0.25378373,0.607326832,0.357303654,1.2137206,5.043839269,1,Black/Beige,1,156
Skerry96_28,Skerry 1996,1996,28,-2.165037227,-1.848304839,0.185607001,0.64608124,0.342199792,1.184664646,6.550902486,1,Beige,1,281
Skerry96_29,Skerry 1996,1996,29,-2.133272424,-1.956100461,0.21327991,0.657193577,0.335878915,1.149124549,8.342132106,1,Beige,0,287
Skerry96_30,Skerry 1996,1996,30,-2.167996782,-1.886755841,0.185493597,0.656341433,0.345814548,1.152263365,7.396243393,1,Beige,0,353
Skerry96_31,Skerry 1996,1996,31,-2.096564769,-1.904731853,0.171597004,0.601789062,0.386002909,1.163626326,5.36448067,1,Beige,0,189
Skerry96_32,Skerry 1996,1996,32,-2.1154566,-1.841142858,0.199826316,0.621222352,0.383126866,1.084701055,8.021387389,1,Beige,1,349
Skerry96_33,Skerry 1996,1996,33,-2.17921906,-2.058932504,0.193114754,0.621873182,0.329758754,1.314118129,6.370502153,1,Beige,0,239
Skerry96_34,Skerry 1996,1996,34,-2.139753634,-1.929951737,0.237768041,0.618177732,0.354387198,1.193983308,4.146585192,1,Beige,0,135
Skerry96_35,Skerry 1996,1996,35,-2.186415316,-1.910490505,0.17834593,0.619224836,0.34240019,1.265583258,6.413905503,1,Beige,1,224
Skerry02_01,Skerry 2002,2002,1,-2.159830945,-2.002051533,0.189461872,0.625989567,0.340446576,1.238157717,6.566128092,1,Beige,0,193
Skerry02_02,Skerry 2002,2002,2,-2.094469417,-1.968192503,0.198233676,0.651946947,0.361590921,1.06191085,7.088025308,1,Beige,0,204
Skerry02_03,Skerry 2002,2002,3,-1.961096303,-1.884619107,0.229285988,0.60113124,0.375126484,1.145486948,5.840277898,1,Yellow,0,141
Skerry02_04,Skerry 2002,2002,4,-1.992915473,-1.906464348,0.24080482,0.606681158,0.338712995,1.280086774,6.347791524,0,Beige,1,213
Skerry02_05,Skerry 2002,2002,5,-2.112238746,-1.948527237,0.222713114,0.665908786,0.34046797,1.069025099,9.76349908,1,Beige,0,325
Skerry02_06,Skerry 2002,2002,6,-1.926303436,-1.892327335,0.261881421,0.599792729,0.359446408,1.2201968,8.458716374,1,Beige,0,297
Skerry02_07,Skerry 2002,2002,7,-2.034004842,-1.900948866,0.243242675,0.617044872,0.354507331,1.179820885,4.938830071,1,Yellow,0,123
Skerry02_08,Skerry 2002,2002,8,-2.051581222,-1.891260744,0.277013374,0.616415257,0.326934701,1.315269002,6.900423126,1,Beige,0,208
Skerry02_09,Skerry 2002,2002,9,-1.963168716,-1.851462424,0.268278779,0.618441914,0.347762655,1.226794972,6.566657058,0,Beige,1,287
Skerry02_10,Skerry 2002,2002,10,-2.031627778,-1.887665599,0.244364504,0.606761343,0.353322567,1.244372256,7.264610303,1,Yellow,0,303
Skerry02_11,Skerry 2002,2002,11,-2.090365706,-1.978299976,0.224742896,0.636281984,0.328867824,1.240460441,7.098530216,1,Yellow,0,215
Skerry02_12,Skerry 2002,2002,12,-2.114358547,-1.840144668,0.220799487,0.648189258,0.344069226,1.132854195,5.922340725,1,Beige,1,139
Skerry02_13,Skerry 2002,2002,13,-2.179341199,-2.03033398,0.216587683,0.638340191,0.296519092,1.43009478,7.135694291,1,Yellow,0,268
Skerry02_14,Skerry 2002,2002,14,-2.057682539,-1.904070779,0.252232116,0.625704497,0.315054798,1.320924968,8.465186161,0,Beige,0,274
Skerry02_15,Skerry 2002,2002,15,-2.15669876,-1.929672468,0.215608491,0.607942203,0.326533456,1.361828113,6.197541998,0,Beige,1,172
Skerry02_16,Skerry 2002,2002,16,-2.05809089,-1.874331806,0.189640408,0.637904325,0.36184941,1.128289226,5.01583959,1,Beige,0,114
Skerry02_17,Skerry 2002,2002,17,-2.104195603,-1.885991325,0.222875009,0.65628042,0.34082608,1.09998196,7.742715129,0,Beige,1,178
Skerry02_18,Skerry 2002,2002,18,-2.113416961,-1.940360116,0.197745295,0.609334541,0.345530773,1.267171814,5.489453252,1,Yellow,0,153
Skerry02_19,Skerry 2002,2002,19,-1.907275107,-1.845118981,0.237074456,0.617587707,0.405757024,1.021725881,5.763335969,1,Beige,1,205
Skerry02_20,Skerry 2002,2002,20,-2.015690713,-1.965821856,0.253678899,0.592313882,0.348557893,1.265448254,8.149947524,1,Beige,0,291
Exp05_01a,Skerry 2005,2005,01a,-1.975874803,-1.919342965,0.224503756,0.622686947,0.368602191,1.130847069,4.266001902,0,Black,1,149
Exp05_02a,Skerry 2005,2005,02a,-1.935091699,-1.891717498,0.246409323,0.5956882,0.371156948,1.173495654,5.302326847,0,Beige,0,199
Exp05_03a,Skerry 2005,2005,03a,-1.971124285,-1.899525864,0.247158222,0.583989754,0.362105637,1.286025502,4.6128508,0,NA,NA,183
Exp05_04a,Skerry 2005,2005,04a,-1.981341535,-1.811451618,0.259397584,0.560020964,0.348132986,1.377772182,4.049023481,0,Olive,1,103
Exp05_05a,Skerry 2005,2005,05a,-2.031571106,-1.79900853,0.234011579,0.610888001,0.37786692,1.119362569,5.217829616,0,Olive,1,125
Exp05_06a,Skerry 2005,2005,06a,-1.786318163,-1.775146628,0.282929178,0.592074262,0.3917796,1.114893836,4.602167479,0,Beige,0,250
Exp05_07a,Skerry 2005,2005,07a,-1.981900213,-1.936805663,0.223528125,0.615031289,0.348997293,1.223069016,5.02672654,0,Olive,1,175
Exp05_08a,Skerry 2005,2005,08a,-1.943051048,-1.802089398,0.236090381,0.617630811,0.373485324,1.122549997,4.196884273,0,NA,NA,159
Exp05_09a,Skerry 2005,2005,09a,-1.907546927,-1.736525762,0.256675123,0.590338992,0.368989476,1.233206789,4.564075708,0,Beige,1,167
Exp05_10a,Skerry 2005,2005,10a,-1.996997409,-1.827540256,0.206891555,0.593801073,0.379000166,1.194481903,3.643600547,0,Brown,1,120
Exp05_11a,Skerry 2005,2005,11a,-1.888264534,-1.688720939,0.221603019,0.603355167,0.391049431,1.130775951,4.086025373,0,Beige,1,175
Exp05_12a,Skerry 2005,2005,12a,-1.966173297,-1.774869785,0.22829292,0.60568323,0.365662532,1.21747999,4.271425086,0,Olive,1,118
Exp05_13a,Skerry 2005,2005,13a,-1.948573458,-1.882366727,0.262618628,0.613054929,0.377016091,1.124364086,3.8411632,0,Olive,1,82
Exp05_14a,Skerry 2005,2005,14a,-2.104905371,-1.994902355,0.20925443,0.625461182,0.335489411,1.241282045,3.373473229,0,Black,1,72
Exp05_15a,Skerry 2005,2005,15a,-1.996393056,-1.948892013,0.249507512,0.586801742,0.334906528,1.358052357,4.483070918,1,Beige,0,157
Exp05_16a,Skerry 2005,2005,16a,-1.778726835,-1.827321152,0.289684304,0.600950202,0.396038849,1.066779001,4.945650405,0,Beige,0,256
Exp05_17a,Skerry 2005,2005,17a,-1.838949524,-1.772094468,0.226905834,0.599026319,0.407859402,1.077690349,3.821419028,0,Olive,1,125
Exp05_18a,Skerry 2005,2005,18a,-1.954896296,-2.020647974,0.27813821,0.596318471,0.370040135,1.189131082,4.123050795,0,Beige,0,137
Exp05_19a,Skerry 2005,2005,19a,-1.978593744,-1.979870465,0.255297445,0.597039531,0.335829553,1.337152595,6.826230566,0,Beige,0,208
Exp05_20a,Skerry 2005,2005,20a,-2.01960555,-1.984413315,0.22942113,0.60308907,0.352613096,1.232213729,4.914333739,0,Beige,0,345
Exp05_21a,Skerry 2005,2005,21a,-1.969751855,-1.821736118,0.206010323,0.635069578,0.390903069,1.040594256,4.144302979,0,Beige,0,143
Exp05_22a,Skerry 2005,2005,22a,-2.055673391,-1.958257018,0.294530642,0.634699158,0.321271477,1.309438113,5.166664656,1,Olive,1,171
Exp05_23a,Skerry 2005,2005,23a,-1.966755678,-1.954185907,0.290582832,0.610691994,0.329883572,1.28508395,6.034237658,0,Brown,1,142
Exp05_24a,Skerry 2005,2005,24a,-2.075207826,-2.031386228,0.267970165,0.649557894,0.322356451,1.202103411,4.891560584,0,Beige,0,181
Exp05_25a,Skerry 2005,2005,25a,-2.02715328,-1.979345178,0.251678272,0.592027017,0.329804843,1.345057092,5.447273723,0,Olive,1,110
Exp05_26a,Skerry 2005,2005,26a,-1.934949409,-1.890933657,0.243309666,0.634621206,0.365969833,1.078208737,4.524895877,0,Beige,0,130
Exp05_27a,Skerry 2005,2005,27a,-1.924040487,-1.810589448,0.269000508,0.622290133,0.376218536,1.07844902,5.185766775,0,Beige,0,118
Exp05_28a,Skerry 2005,2005,28a,-2.025148286,-1.889459453,0.210378256,0.633197222,0.351482292,1.150905528,3.30957555,0,Olive,0,74
Exp05_29a,Skerry 2005,2005,29a,-1.996505325,-1.933060278,0.274753828,0.616186129,0.327834948,1.319347011,5.502904633,0,Beige,0,146
Exp05_30a,Skerry 2005,2005,30a,-2.010006291,-1.869541145,0.232135641,0.63192495,0.371841117,1.080941908,4.217560593,0,Olive,0,84
Exp05_31a,Skerry 2005,2005,31a,-2.041039022,-1.966396032,0.2336944,0.634573677,0.33793402,1.211982591,5.13802519,0,Olive,1,102
Exp05_32a,Skerry 2005,2005,32a,-1.900477144,-1.935704796,0.272143091,0.581530028,0.358531047,1.260359038,4.808103451,0,Orange,0,153
Exp05_33a,Skerry 2005,2005,33a,-1.935727412,-1.942809721,0.284707599,0.614877724,0.336444646,1.229885663,6.216317163,0,Olive,0,141
Exp05_34a,Skerry 2005,2005,34a,-2.046415971,-1.981582289,0.243921796,0.614381411,0.322955028,1.347692612,5.487603381,0,Olive,1,144
Exp05_35a,Skerry 2005,2005,35a,-2.204474355,-1.926952439,0.163622615,0.665953364,0.332055696,1.173233206,5.02615342,0,Olive,1,94
Exp05_36a,Skerry 2005,2005,36a,-2.064562332,-1.89079703,0.214497135,0.621708994,0.37455801,1.120289194,3.875545467,1,Olive,0,94
Exp05_37a,Skerry 2005,2005,37a,-2.048290324,-2.001798576,0.212406003,0.627014596,0.351332166,1.166846674,4.914876987,0,Beige,0,96
Exp05_38a,Skerry 2005,2005,38a,-2.074548268,-1.970045148,0.210675718,0.601903354,0.372527486,1.172078271,4.790088027,0,Beige,0,125
RamshC_0064,Crab 2018,2018,64,-2.452597714,-2.33476099,0.187493315,0.654987422,0.291983206,1.329593628,8.975056617,1,Beige,0,NA
RamshC_0065,Crab 2018,2018,65,-2.508798233,-2.307386106,0.190994248,0.679785333,0.273659133,1.329935995,10.81603098,1,Beige,0,NA
RamshC_0066,Crab 2018,2018,66,-2.424867381,-2.206018409,0.191711444,0.627742732,0.289957975,1.394906848,9.944435022,1,Beige,0,NA
RamshC_0067,Crab 2018,2018,67,-2.511012021,-2.26430264,0.182810674,0.648398507,0.272723453,1.422773995,9.989290408,1,Beige,0,NA
RamshC_0068,Crab 2018,2018,68,-2.485282184,-2.342294872,0.164104544,0.672217937,0.266134015,1.430594174,10.2235125,1,Beige,0,NA
RamshC_0069,Crab 2018,2018,69,-2.340604541,-2.21738108,0.181269857,0.59702754,0.326059394,1.397909479,7.826767298,1,Beige,0,NA
RamshC_0070,Crab 2018,2018,70,-2.420512741,-2.124051239,0.190526151,0.634401871,0.282165297,1.481417866,10.94515598,1,Beige,0,NA
RamshC_0071,Crab 2018,2018,71,-2.461986577,-2.28198765,0.189080015,0.637080868,0.281503826,1.462043052,10.58038948,1,Beige,0,NA
RamshC_0072,Crab 2018,2018,72,-2.471844799,-2.343133935,0.208082614,0.655853104,0.26206544,1.536962799,7.657077246,1,Beige,0,NA
RamshC_0073,Crab 2018,2018,73,-2.52856776,-2.290168082,0.181502536,0.617074686,0.271040143,1.593388992,10.89163868,1,Beige,0,NA
RamshC_0074,Crab 2018,2018,74,-2.534558762,-2.252770259,0.200639518,0.610444917,0.285102059,1.510045068,9.716138845,1,Beige,0,NA
RamshC_0075,Crab 2018,2018,75,-2.403130336,-2.202235263,0.210234207,0.622450162,0.28321039,1.46290645,10.03170319,1,Beige,0,NA
RamshC_0076,Crab 2018,2018,76,-2.382664827,-2.254744552,0.190361656,0.586029484,0.29534208,1.533631268,9.941439183,1,Beige,0,NA
RamshC_0077,Crab 2018,2018,77,-2.518409157,-2.273138989,0.20155062,0.708616866,0.259512476,1.317925583,9.659221276,1,Beige,0,NA
RamshC_0078,Crab 2018,2018,78,-2.421479067,-2.197881448,0.190315988,0.638311934,0.285785873,1.441872018,9.445989541,1,Beige,0,NA
RamshC_0079,Crab 2018,2018,79,-2.261076958,-2.090718893,0.183226658,0.521158832,0.339657369,1.562496344,8.06151488,1,Beige,0,NA
RamshC_0080,Crab 2018,2018,80,-2.41141442,-2.234194244,0.219718436,0.595400766,0.254936057,1.765804345,9.620187951,1,Beige,0,NA
RamshC_0081,Crab 2018,2018,81,-2.412889159,-2.231017665,0.19227219,0.655741397,0.274257099,1.396397802,10.12947391,1,Beige,0,NA
RamshC_0082,Crab 2018,2018,82,-2.554102737,-2.41154723,0.173098608,0.664372153,0.269828684,1.425580251,9.949601457,1,Beige,0,NA
RamshC_0083,Crab 2018,2018,83,-2.345378031,-2.172069534,0.178301179,0.622947144,0.321960121,1.286226595,9.074568677,NA,Beige,0,NA
RamshC_0084,Crab 2018,2018,84,-2.532233381,-2.309992542,0.198193935,0.647522441,0.269595748,1.483298696,9.944296987,1,Beige,0,NA
RamshC_0085,Crab 2018,2018,85,-2.460282081,-2.305241258,0.183823268,0.618885075,0.285133585,1.500693334,9.668982719,1,Beige,0,NA
RamshC_0086,Crab 2018,2018,86,-2.452144096,-2.380523271,0.206509204,0.597223718,0.262482499,1.680402792,9.571217028,1,Beige,0,NA
RamshC_0087,Crab 2018,2018,87,-2.520746966,-2.359584539,0.174294716,0.658170959,0.26157343,1.49380615,9.324032777,1,Beige,0,NA
RamshC_0088,Crab 2018,2018,88,-2.400728561,-2.180215573,0.172903654,0.606066351,0.322024689,1.360032647,8.90258569,1,Beige,0,NA
RamshC_0089,Crab 2018,2018,89,-2.527951464,-2.374199634,0.186350414,0.625795445,0.260819045,1.640787355,9.287965181,1,Beige,0,NA
RamshC_0090,Crab 2018,2018,90,-2.487664084,-2.345617273,0.165519314,0.588663527,0.292583826,1.575440767,9.453144366,1,Beige,0,NA
RamshC_0091,Crab 2018,2018,91,-2.481940393,-2.192721335,0.209486961,0.624802356,0.277556054,1.530559341,8.57471774,1,Beige,0,NA
RamshC_0092,Crab 2018,2018,92,-2.316495201,-2.195961052,0.209704912,0.591375996,0.302733795,1.509298789,8.346352224,1,Beige,0,NA
RamshC_0093,Crab 2018,2018,93,-2.567838938,-2.342373904,0.19328425,0.681717388,0.241047622,1.55190134,9.631040139,1,Beige,0,NA
RamshC_0094,Crab 2018,2018,94,-2.414933495,-2.220893092,0.192713567,0.625952002,0.273877538,1.513305262,9.428936177,1,Beige,0,NA
RamshC_0095,Crab 2018,2018,95,-2.496762097,-2.361025342,0.188485139,0.623460911,0.287813705,1.549446932,8.404491583,1,Beige,0,NA
RamshC_Wave kept separate1,Crab 2018,2018,Wave kept separate1,-2.319558016,-2.084569587,0.154584035,0.571792984,0.342996082,1.385121453,7.0534427,NA,NA,NA,
Rskerry_0001,Skerry 2018,2018,1,-2.066076504,-2.050268789,0.215424473,0.610811712,0.327861046,1.306606727,6.49769253,0,Black,1,NA
Rskerry_0002,Skerry 2018,2018,2,-1.908757527,-1.804245641,0.254298966,0.590419941,0.369873342,1.258703197,6.430334789,0,Beige,0,NA
Rskerry_0003,Skerry 2018,2018,3,-1.912323224,-1.889628433,0.259327235,0.591539741,0.366289739,1.230783068,8.336107851,1,Black,0,NA
Rskerry_0004,Skerry 2018,2018,4,-1.961649872,-1.638627144,0.213321806,0.574551437,0.390516764,1.195670526,8.229990441,1,Beige,0,NA
Rskerry_0005,Skerry 2018,2018,5,-2.054500785,-1.857302986,0.230214612,0.599550519,0.346695072,1.260840978,6.853763894,0,Beige,0,NA
Rskerry_0006,Skerry 2018,2018,6,-2.010923026,-1.92277817,0.230920874,0.606883191,0.354031927,1.253774116,4.880431187,1,Black,0,NA
Rskerry_0007,Skerry 2018,2018,7,-2.09603062,-1.794479871,0.210834164,0.669991192,0.341063893,1.140904643,5.636486739,NA,NA,NA,NA
Rskerry_0008,Skerry 2018,2018,8,-2.166663323,-1.975132268,0.199435068,0.605521767,0.348013857,1.256239555,8.088833851,0,Beige,0,NA
Rskerry_0009,Skerry 2018,2018,9,-2.022992733,-1.918200937,0.186173381,0.624410665,0.395724627,1.061766013,4.165170955,0,Beige,1,NA
Rskerry_0010,Skerry 2018,2018,10,-1.949792097,-1.877737341,0.246531611,0.591904142,0.365224103,1.253215391,4.478582184,1,Black,0,NA
Rskerry_0011,Skerry 2018,2018,11,-2.047364214,-1.997755255,0.190896489,0.595767536,0.385982818,1.161801116,5.580090076,1,Beige,0,NA
Rskerry_0012,Skerry 2018,2018,12,-1.961458191,-1.853970826,0.244491786,0.569757393,0.345552554,1.353694732,4.573389345,0,Beige,1,NA
Rskerry_0013,Skerry 2018,2018,13,-1.949282556,-1.940964829,0.20685196,0.570084256,0.39831898,1.16869611,5.110337117,1,Black,1,NA
Rskerry_0014,Skerry 2018,2018,14,-2.098609346,-2.082196203,0.209478174,0.550976963,0.346913767,1.411137147,5.079426735,0,Brown,1,NA
Rskerry_0016,Skerry 2018,2018,16,-2.190441614,-1.771724022,0.193496212,0.642592399,0.313393382,1.303984518,5.774736573,0,NA,NA,NA
Rskerry_0017,Skerry 2018,2018,17,-2.111810867,-2.003574114,0.209128396,0.595067559,0.359598876,1.252653093,4.776430482,1,Black,1,NA
Rskerry_0018,Skerry 2018,2018,18,-2.069847459,-2.005519108,0.251863244,0.563889597,0.313052033,1.511164152,4.653580909,0,Black,1,NA
Rskerry_0019,Skerry 2018,2018,19,-2.096882739,-1.974220996,0.240924674,0.600395783,0.334555217,1.286562339,4.42979952,0,Brown,1,NA
Rskerry_0020,Skerry 2018,2018,20,-2.100893093,-1.867240781,0.206257704,0.594893801,0.319677412,1.488917738,4.599772982,0,NA,NA,NA
Rskerry_0021,Skerry 2018,2018,21,-2.059332214,-1.993980232,0.239408902,0.587944781,0.329787085,1.393610735,4.755751034,0,Beige,0,NA
Rskerry_0022,Skerry 2018,2018,22,-1.996942059,-1.944788105,0.227565601,0.553944888,0.365823797,1.296013807,4.358100532,1,Black,0,NA
Rskerry_0023,Skerry 2018,2018,23,-1.939947712,-1.711676041,0.219669942,0.573217034,0.38747432,1.231731044,5.914831283,0,Black,1,NA
Rskerry_0024,Skerry 2018,2018,24,-1.992339778,-1.963432805,0.234218776,0.599034923,0.341807672,1.301812964,5.89174695,1,Beige,0,NA
Rskerry_0025,Skerry 2018,2018,25,-1.996193782,-1.995627018,0.206887385,0.579897948,0.355954951,1.281731617,4.472646865,0,Beige,0,NA
Rskerry_0026,Skerry 2018,2018,26,-1.992767591,-2.027428159,0.238268235,0.560266555,0.370107088,1.284304789,4.233862976,1,Black,0,NA
Rskerry_0027,Skerry 2018,2018,27,-2.014160415,-1.910739365,0.214393058,0.614677359,0.360603789,1.257413564,5.067671678,1,Beige,0,NA
Rskerry_0028,Skerry 2018,2018,28,-1.910185559,-1.897383166,0.22100249,0.592386255,0.390421154,1.141982223,4.361055237,0,Beige,1,NA
Rskerry_0029,Skerry 2018,2018,29,-1.905450339,-1.883096995,0.23253795,0.599799242,0.365226887,1.21897285,3.906298389,0,Black,0,NA
Rskerry_0030,Skerry 2018,2018,30,-1.961156613,-1.817492803,0.197939864,0.602475202,0.396733885,1.147513501,3.536253355,0,Beige,1,NA
Rskerry_0031,Skerry 2018,2018,31,-2.154683471,-2.023757725,0.219772615,0.618547588,0.338282993,1.294920435,4.395834124,0,Black,1,NA
SkareW_0032,Wave 2018,2018,32,-2.041561627,-1.863113348,0.182422515,0.594694693,0.376438849,1.204027411,4.506440481,0,White,0,NA
SkareW_0033,Wave 2018,2018,33,-2.092084326,-1.927894974,0.187571706,0.5876611,0.377478986,1.208712111,5.106725855,0,Black,1,NA
SkareW_0034,Wave 2018,2018,34,-2.23481546,-2.063915528,0.190964201,0.598904727,0.336676274,1.293812501,4.291753096,0,White,0,NA
SkareW_0035,Wave 2018,2018,35,-2.152391661,-1.935383159,0.195233207,0.565126242,0.342694057,1.441246952,4.737527931,0,Brown,1,NA
SkareW_0036,Wave 2018,2018,36,-1.955117188,-1.841143142,0.213669175,0.593271892,0.40032982,1.113640423,4.355558881,0,White,0,NA
SkareW_0037,Wave 2018,2018,37,-2.076313926,-1.859874683,0.217716802,0.609194996,0.366986444,1.187183792,4.85000145,0,Black,1,NA
SkareW_0038,Wave 2018,2018,38,-2.101668828,-1.873393745,0.204892662,0.631034773,0.346464034,1.207423866,4.668409175,0,Black,0,NA
SkareW_0039,Wave 2018,2018,39,-2.066407092,-2.034523734,0.178791763,0.594011277,0.364489555,1.249558301,6.584518665,1,Brown,1,NA
SkareW_0040,Wave 2018,2018,40,-2.165055658,-1.9324967,0.173644902,0.605206572,0.371644235,1.180986744,5.429793656,0,White,0,NA
SkareW_0042,Wave 2018,2018,42,-2.000554231,-1.854344316,0.230882504,0.603444021,0.364262562,1.213359299,3.574987158,NA,NA,NA,NA
SkareW_0043,Wave 2018,2018,43,-1.982948941,-1.789570173,0.231301278,0.519329882,0.381004542,1.331472848,4.009582081,0,Black,0,NA
SkareW_0044,Wave 2018,2018,44,-2.132036213,-1.820210822,0.210928773,0.560921103,0.35846742,1.306434109,4.375897477,0,Brown,1,NA
SkareW_0045,Wave 2018,2018,45,-1.861781953,-1.747811444,0.223852778,0.560309956,0.393798704,1.220788121,3.827266977,0,Brown,1,NA
SkareW_0046,Wave 2018,2018,46,-2.09350166,-1.853495183,0.203898346,0.583092545,0.365726426,1.248151225,5.443434673,0,NA,NA,NA
SkareW_0047,Wave 2018,2018,47,-2.088405833,-1.861164771,0.18490106,0.60112564,0.384980507,1.149096775,4.769141427,0,Black,1,NA
SkareW_0048,Wave 2018,2018,48,-2.13280053,-1.973330635,0.176816548,0.614556549,0.364109555,1.194999055,4.158975066,0,Black,1,NA
SkareW_0049,Wave 2018,2018,49,-2.052374938,-1.879226139,0.190944007,0.629280046,0.374241667,1.119386076,4.646286642,0,White,0,NA
SkareW_0050,Wave 2018,2018,50,-1.962910489,-1.737302347,0.209196387,0.577565263,0.383111346,1.224418036,4.88689705,0,Black,1,NA
SkareW_0051,Wave 2018,2018,51,-1.840536112,-1.766693465,0.234679389,0.575199532,0.397854461,1.180036431,4.197767827,0,White,0,NA
SkareW_0052,Wave 2018,2018,52,-2.021980499,-1.931166237,0.237560932,0.616841067,0.350471948,1.207728632,5.667095239,0,Black,0,NA
SkareW_0053,Wave 2018,2018,53,-2.022464728,-2.010820104,0.230367208,0.57995795,0.364618218,1.240896774,5.217920965,1,Black,1,NA
SkareW_0054,Wave 2018,2018,54,-1.981184262,-1.923178614,0.227560932,0.615446295,0.376123113,1.1177089,5.502959995,0,Brown,1,NA
SkareW_0055,Wave 2018,2018,55,-2.089238221,-1.805822883,0.212508311,0.617389179,0.378706253,1.163120223,4.816360953,NA,Black,1,NA
SkareW_0056,Wave 2018,2018,56,-1.962692854,-1.936375083,0.215536784,0.563792548,0.370580349,1.28683409,5.202061812,0,Brown,1,NA
SkareW_0057,Wave 2018,2018,57,-2.125541808,-1.802643971,0.192372233,0.591950076,0.367491245,1.237367421,4.620531277,0,Black,0,NA
SkareW_0058,Wave 2018,2018,58,-2.108244579,-2.004113366,0.218229013,0.602456073,0.330560029,1.291182433,4.47595989,0,White,0,NA
SkareW_0059,Wave 2018,2018,59,-2.043674478,-1.912704265,0.19590512,0.603738194,0.391622411,1.131153174,4.51169825,0,Brown,1,NA
SkareW_0060,Wave 2018,2018,60,-2.063444728,-1.97653661,0.190215768,0.616433989,0.366063175,1.172072039,4.204680232,0,Black,1,NA
SkareW_0061,Wave 2018,2018,61,-1.903164697,-1.803458885,0.239822703,0.579386184,0.38384014,1.184716312,4.218031244,0,Brown,1,NA
SkareW_0062,Wave 2018,2018,62,-2.053442918,-1.954647556,0.230961884,0.581018441,0.326779361,1.405702732,4.556438278,0,Black,0,NA
SkareW_0063,Wave 2018,2018,63,-2.046201338,-1.890102717,0.200762828,0.600660518,0.383185326,1.14128612,6.025201602,0,White,0,NA
EXP_21_01a,Skerry 2021,2021,01a,-1.967778834,-1.776043776,0.21322047,0.632907912,0.383750656,1.07112662,3.762174371,0,Black,1,NA
EXP_21_02a,Skerry 2021,2021,02a,-2.025901986,-1.994686735,0.282242458,0.583812326,0.323174526,1.490544056,3.064961652,1,Brown,multiple bands,114
EXP_21_03a,Skerry 2021,2021,03a,-2.14525205,-1.919691593,0.205651296,0.662675156,0.33610723,1.130235687,3.62849085,0,Black,1,100
EXP_21_04a,Skerry 2021,2021,04a,-2.144038469,-2.016074807,0.187567198,0.654907221,0.35305286,1.083807022,3.250132917,0,Black,patchy,96
EXP_21_05a,Skerry 2021,2021,05a,-2.133821633,-1.998998848,0.20644289,0.637361913,0.357789878,1.105072542,3.625437879,0,Black,0,92
EXP_21_06a,Skerry 2021,2021,06a,-2.069273568,-1.968388075,0.208958532,0.627285185,0.375649159,1.089965398,4.235223647,0,Brown,1,103
EXP_21_07a,Skerry 2021,2021,07a,-2.143460313,-2.070186206,0.236122243,0.643104177,0.318169428,1.254091125,4.901016071,1,Olive,1,157
EXP_21_08a,Skerry 2021,2021,08a,-1.992828863,-1.983825704,0.228222865,0.608987379,0.362910309,1.174790247,3.979796911,0,White,0,127
EXP_21_09a,Skerry 2021,2021,09a,-2.131956763,-1.904894084,0.24922961,0.634656827,0.349485961,1.23782984,4.168653561,0,Black,1,100
EXP_21_10a,Skerry 2021,2021,10a,-1.978154788,-1.679573283,0.223218463,0.675710453,0.377062774,0.955383685,3.930868507,0,NA,NA,174
EXP_21_11a,Skerry 2021,2021,11a,-2.163894573,-1.783113197,0.256247312,0.661900532,0.306588238,1.234930073,4.595743387,0,NA,NA,144
EXP_21_12a,Skerry 2021,2021,12a,-2.050685093,-1.924445313,0.229946291,0.641678312,0.353220005,1.100034519,4.691291705,0,Black,0,96
EXP_21_13a,Skerry 2021,2021,13a,-2.177260651,-1.91149443,0.225900672,0.689071118,0.311885712,1.103212101,4.271790159,1,Brown,0,104
EXP_21_14a,Skerry 2021,2021,14a,-2.170466803,-1.995508214,0.238532964,0.675817602,0.31072873,1.168493929,5.208277552,0,Olive,1,139
EXP_21_15a,Skerry 2021,2021,15a,-2.131734297,-1.849616989,0.22492745,0.670019795,0.330476955,1.115432773,3.905980593,0,Olive,1,96
EXP_21_16a,Skerry 2021,2021,16a,-2.169373219,-1.882025251,0.212298875,0.678970346,0.323013205,1.149093692,4.481031034,0,Olive,1,116
EXP_21_17a,Skerry 2021,2021,17a,-2.079100288,-2.042168944,0.237073853,0.659722982,0.329987221,1.18271044,4.740354941,1,Olive,0,134
EXP_21_18a,Skerry 2021,2021,18a,-2.093556324,-2.040838494,0.236218588,0.652512279,0.315614087,1.250022622,5.620505879,1,Black,0,106
EXP_21_19a,Skerry 2021,2021,19a,-2.177167771,-2.069308405,0.218686858,0.661782378,0.312209845,1.218589036,4.243926014,0,Black,1,112
EXP_21_20a,Skerry 2021,2021,20a,-2.023890869,-1.935106712,0.201605233,0.619877997,0.381934138,1.095693916,3.331462069,0,Brown,0,82
EXP_21_21a,Skerry 2021,2021,21a,-2.1223297,-2.002893653,0.209210548,0.632225038,0.362489555,1.109999105,3.823183745,0,Brown,1,100
EXP_21_22a,Skerry 2021,2021,22a,-2.244227689,-1.934150474,0.179410154,0.644284544,0.339573484,1.163797548,3.591238352,0,Brown,1,104
EXP_21_23a,Skerry 2021,2021,23a,-2.157298627,-2.063436266,0.253624095,0.65897093,0.317502014,1.165829237,5.3726638,0,NA,1,107
EXP_21_24a,Skerry 2021,2021,24a,-2.14037194,-2.06409112,0.229113657,0.672018428,0.323945789,1.128555557,4.260100689,0,Olive,1,85
EXP_21_25a,Skerry 2021,2021,25a,-2.127667401,-2.076118081,0.242607955,0.650954467,0.30048185,1.350387871,4.485585229,0,Olive,1,101
EXP_21_26a,Skerry 2021,2021,26a,-2.105050632,-1.942940035,0.217258374,0.621100463,0.336915449,1.25779917,4.871736707,0,Black,0,116
EXP_21_27a,Skerry 2021,2021,27a,-2.235554034,-2.027335057,0.213975334,0.6709592,0.307482835,1.187005171,7.346536782,0,Beige,0,249
EXP_21_28a,Skerry 2021,2021,28a,-2.108635411,-2.103902187,0.218829407,0.638611217,0.338818469,1.156560922,3.038043848,0,Black,1,91
EXP_21_29a,Skerry 2021,2021,29a,-2.08406744,-2.122593129,0.260900294,0.641278832,0.325220943,1.274543618,3.911360953,0,Olive,1,72
EXP_21_30a,Skerry 2021,2021,30a,-2.133326825,-1.878127982,0.187066702,0.607250994,0.352190232,1.252172683,3.987813702,0,Black,0,104
EXP_21_31a,Skerry 2021,2021,31a,-2.006019421,-1.753317387,0.23035552,0.647125863,0.399213216,0.962355911,2.966781826,0,Black,1,102
EXP_21_32a,Skerry 2021,2021,32a,-2.1042955,-1.909884204,0.182460932,0.682938766,0.377605143,0.945287716,8.062285533,0,Brown,0,389
EXP_21_33a,Skerry 2021,2021,33a,-1.977091658,-1.787250616,0.236190907,0.594653735,0.378170952,1.162269928,4.023375377,0,Black,1,136
EXP_21_34a,Skerry 2021,2021,34a,-1.994073075,-1.891424674,0.21993822,0.6223011,0.351968746,1.177884583,3.836970356,0,Black,patchy,106
EXP_21_35a,Skerry 2021,2021,35a,-2.183959575,-1.916570511,0.184756418,0.656078349,0.352629439,1.099534075,4.95786692,0,Brown,1,109
EXP_21_36a,Skerry 2021,2021,36a,-1.905371236,-1.806666496,0.281118165,0.625927691,0.350179432,1.190554379,3.422388582,0,Black,1,110
EXP_21_37a,Skerry 2021,2021,37a,-2.056370547,-1.936824504,0.224846765,0.614272363,0.371452993,1.117364598,4.071920941,0,White,0,159
EXP_21_38a,Skerry 2021,2021,38a,-2.04673468,-1.831519409,0.193751281,0.642719504,0.428203344,0.91986764,3.921861342,0,Beige,1,138
EXP_21_39a,Skerry 2021,2021,39a,-2.067803147,-1.886812185,0.203746663,0.679078066,0.363147341,0.97509499,5.215997523,0,Black,1,139
EXP_21_40a,Skerry 2021,2021,40a,-2.102356297,-2.008058638,0.25392736,0.642507064,0.319379663,1.284112181,6.564625969,1,Beige,0,258
EXP_21_41a,Skerry 2021,2021,41a,-1.826544358,-1.880048896,0.287446523,0.622898074,0.357074687,1.152819368,4.892456635,0,Brown,0,201
EXP_21_42a,Skerry 2021,2021,42a,-2.006530135,-1.95687289,0.267361648,0.674758114,0.351567995,0.988700169,7.400910462,1,Olive,0,364
EXP_21_43a,Skerry 2021,2021,43a,-2.054442717,-1.804630234,0.224627673,0.61199285,0.354720229,1.210128619,3.779239401,0,Black,1,98
EXP_21_44a,Skerry 2021,2021,44a,-2.011748273,-1.920696565,0.18810932,0.596127845,0.390563945,1.145698935,3.381453701,0,Black,1,98
EXP_21_45a,Skerry 2021,2021,45a,-2.057075692,-1.998227549,0.268884778,0.653907088,0.319152502,1.203115993,4.750027415,0,Black,1,124
EXP_21_46a,Skerry 2021,2021,46a,-1.994812566,-1.788090819,0.20337352,0.597247605,0.398655793,1.115831099,4.306853008,1,Olive,0,138
EXP_21_47a,Skerry 2021,2021,47a,-2.015752681,-1.988499235,0.20220919,0.601471554,0.379680779,1.155856485,3.793266262,1,Olive,0,94
EXP_21_48a,Skerry 2021,2021,48a,-2.11634775,-2.032332783,0.217102482,0.651936962,0.345668451,1.099989657,4.177169888,0,Black,1,118
EXP_21_49a,Skerry 2021,2021,49a,-2.084309607,-1.921361171,0.258706309,0.658418863,0.334227264,1.128330834,4.872001258,0,Brown,0,116
EXP_21_50a,Skerry 2021,2021,50a,-1.958875399,-1.759203544,0.205571151,0.67060048,0.382977839,0.971779784,3.428452456,0,NA,NA,124
W_REF_21_01a,Wave 2021,2021,01a,-1.996475342,-1.988433099,0.262187033,0.62377831,0.329200979,1.337386314,3.395417957,0,Black,1,78
W_REF_21_02a,Wave 2021,2021,02a,-1.986861555,-1.959119254,0.24023741,0.659397446,0.331516554,1.118096522,3.940722517,1,Black,0,77
W_REF_21_03a,Wave 2021,2021,03a,-2.0801056,-1.800608925,0.222766904,0.64670631,0.345761379,1.125864372,4.411237358,0,Black,0,68
W_REF_21_04a,Wave 2021,2021,04a,-2.075448107,-2.040977896,0.225731263,0.638960908,0.34641417,1.156848408,5.12648433,1,Black,0,95
W_REF_21_05a,Wave 2021,2021,05a,-2.117686585,-1.994435979,0.188613844,0.624333274,0.363725587,1.140493662,3.246197612,0,Black,1,73
W_REF_21_06a,Wave 2021,2021,06a,-2.079649726,-1.829691803,0.214163681,0.628569834,0.371645401,1.10123761,3.874250431,1,Black,1,99
W_REF_21_07a,Wave 2021,2021,07a,-2.135843835,-2.081554898,0.237420273,0.659630976,0.33426212,1.132878112,7.563817978,1,Olive,0,195
W_REF_21_08a,Wave 2021,2021,08a,-2.152392664,-2.013875948,0.245175769,0.671178794,0.312271941,1.199504559,3.324377847,0,Black,0,NA
W_REF_21_09a,Wave 2021,2021,09a,-2.025351319,-1.817042611,0.252171232,0.621835503,0.357895074,1.134199941,4.401236958,1,Black,0,108
W_REF_21_10a,Wave 2021,2021,10a,-2.009534062,-1.923341359,0.252357311,0.668101925,0.342711869,1.047536133,5.890571686,1,Black,0,158
W_REF_21_11a,Wave 2021,2021,11a,-2.028598496,-1.91356101,0.261540789,0.650537777,0.331749836,1.170404567,5.85782224,?,NA,NA,164
W_REF_21_12a,Wave 2021,2021,12a,-2.0261379,-2.008682002,0.265168532,0.663490614,0.342090359,1.069974032,5.428280428,1,Black,0,164
W_REF_21_13a,Wave 2021,2021,13a,-2.032299688,-1.860460595,0.219333211,0.694089026,0.368393504,0.913929086,3.531551629,?,NA,NA,60
W_REF_21_14a,Wave 2021,2021,14a,-2.086569806,-1.986888039,0.194777212,0.639750144,0.363687431,1.104859953,3.460955635,1,Black,0,70
W_REF_21_15a,Wave 2021,2021,15a,-2.037039604,-1.916823147,0.231790791,0.643276937,0.35468082,1.10961448,3.28505411,0,Black,1,79
W_REF_21_16a,Wave 2021,2021,16a,-1.980658421,-1.841310984,0.267056782,0.626736029,0.369348286,1.097777676,5.624350307,?,NA,NA,134
W_REF_21_17a,Wave 2021,2021,17a,-2.171008375,-1.893121825,0.201458155,0.673253699,0.329489853,1.118445002,4.142320606,0,Black,1,93
W_REF_21_18a,Wave 2021,2021,18a,-2.021228884,-1.859127666,0.239811862,0.643612831,0.355521384,1.0926674,6.53506241,1,Black,0,166
W_REF_21_19a,Wave 2021,2021,19a,-2.075617155,-1.923010487,0.240687009,0.610690977,0.344905998,1.2375297,3.915685405,0,Black,band,76
W_REF_21_20a,Wave 2021,2021,20a,-2.004754724,-1.905893081,0.216896512,0.645425378,0.364803843,1.069531941,4.332289832,1,Black,0,127
W_REF_21_21a,Wave 2021,2021,21a,-2.103117742,-1.880500006,0.232664205,0.606587516,0.339777669,1.259174426,3.643986594,0,Black,0,62
W_REF_21_22a,Wave 2021,2021,22a,-2.185383756,-1.861462367,0.199595464,0.658547885,0.324481114,1.17026645,3.676523746,0,Black,0,80
W_REF_21_23a,Wave 2021,2021,23a,-2.124264003,-1.959957423,0.240671218,0.683381128,0.308589558,1.14107937,5.240593176,1,Black,0,127
W_REF_21_24a,Wave 2021,2021,24a,-2.036128702,-1.98281005,0.249552023,0.624715255,0.332258039,1.232972117,4.248057644,1,Black,0,97
W_REF_21_25a,Wave 2021,2021,25a,-2.014937184,-1.822198334,0.243995456,0.62403293,0.351182612,1.165878363,3.329147441,0,Black,0,76
W_REF_21_26a,Wave 2021,2021,26a,-2.037677007,-1.933068298,0.225696893,0.656863391,0.352377487,1.08031441,7.615700723,1,Black,0,282
W_REF_21_27a,Wave 2021,2021,27a,-2.169335266,-2.026074484,0.203714735,0.641278258,0.352388152,1.125485858,3.14788851,0,White,0,72
W_REF_21_28a,Wave 2021,2021,28a,-2.093460689,-1.976568298,0.237820086,0.625629697,0.342927279,1.186475768,3.5746325,1,Black,0,97
W_REF_21_29a,Wave 2021,2021,29a,-1.965857344,-1.667393745,0.190124372,0.635336794,0.416420436,0.99930015,4.125240909,?,NA,NA,140
W_REF_21_30a,Wave 2021,2021,30a,-2.019527646,-1.972044493,0.260795775,0.65983675,0.341659067,1.082930736,6.91318845,1,Beige,0,232
W_REF_21_31a,Wave 2021,2021,31a,-1.976531808,-1.907227521,0.223720307,0.606880641,0.374627102,1.171231278,4.298977991,1,Black,0,NA
W_REF_21_32a,Wave 2021,2021,32a,-2.170318302,-1.927383484,0.191973528,0.614585872,0.352223279,1.214571166,3.286852089,0,Black,band,95
W_REF_21_33a,Wave 2021,2021,33a,-2.061975976,-1.994322129,0.226603484,0.626117977,0.326180505,1.289038341,4.190540555,0,Black,1,109
W_REF_21_34a,Wave 2021,2021,34a,-2.070613011,-1.960528367,0.2397811,0.624869198,0.345814147,1.212344598,3.593624664,1,Black,0,76
W_REF_21_35a,Wave 2021,2021,35a,-1.941808286,-1.828674669,0.22707938,0.601986978,0.379495602,1.138751619,3.341667117,1,Black,0,72
W_REF_21_36a,Wave 2021,2021,36a,-2.147736357,-1.894510586,0.223779192,0.650944863,0.334982134,1.164958983,6.523335274,0,Beige,0,155
W_REF_21_37a,Wave 2021,2021,37a,-2.100989417,-1.962390169,0.238597763,0.6887195,0.308953072,1.124557882,4.184331286,?,NA,NA,88
W_REF_21_38a,Wave 2021,2021,38a,-2.063727995,-1.929989565,0.24816429,0.615750879,0.325907364,1.290113096,3.703787288,0,Black,0,74
W_REF_21_39a,Wave 2021,2021,39a,-2.116578131,-2.089577724,0.263250892,0.659075817,0.304501901,1.261960206,7.599730116,1,Black,0,200
W_REF_21_40a,Wave 2021,2021,40a,-2.029017109,-1.898499564,0.212260486,0.644918316,0.34680221,1.126811831,3.761195592,0,Black,0,91
W_REF_21_41a,Wave 2021,2021,41a,-2.117931935,-2.002411458,0.223054952,0.602886054,0.322200443,1.355328707,3.088922393,?,NA,NA,64
W_REF_21_42a,Wave 2021,2021,42a,-2.100407742,-1.843860161,0.22634979,0.658100383,0.353429257,1.069128476,2.994866106,0,Black,band?,84
W_REF_21_43a,Wave 2021,2021,43a,-1.996490965,-1.812652151,0.194252534,0.624226261,0.381028325,1.110734368,3.619560238,1,Black,1,76
W_REF_21_44a,Wave 2021,2021,44a,-2.087984763,-1.997200668,0.212595398,0.659460733,0.335570974,1.133208016,3.702863525,1,Black,0,NA
W_REF_21_45a,Wave 2021,2021,45a,-2.071617343,-1.998758497,0.198516175,0.628559418,0.360538656,1.14285219,3.779108768,0,Black,1,83
W_REF_21_46a,Wave 2021,2021,46a,-2.115912746,-1.962712068,0.228319585,0.634953235,0.326382991,1.211507344,3.612595869,0,Olive,1,114
W_REF_21_47a,Wave 2021,2021,47a,-1.914113525,-1.794336365,0.223480791,0.620858505,0.371649182,1.146562714,3.288110009,0,Black,1,80
W_REF_21_48a,Wave 2021,2021,48a,-2.079956463,-1.927323295,0.248810483,0.638405777,0.339100177,1.154913293,3.437325291,0,Brown,0,93
W_REF_21_49a,Wave 2021,2021,49a,-2.036350094,-2.004226686,0.222714416,0.640907609,0.332569095,1.18319135,3.944409302,1,NA,NA,103
W_REF_21_50a,Wave 2021,2021,50a,-2.103611389,-1.902999463,0.15526105,0.627419817,0.397762694,1.084906946,3.9501174,1,Olive,0,105
